,short_name,long_name,dob,nationality_name
192985,K. De Bruyne,Kevin De Bruyne,1991-06-28,Belgium
20801,Cristiano Ronaldo,Cristiano Ronaldo dos Santos Aveiro,1985-02-05,Portugal
203376,V. van Dijk,Virgil van Dijk,1991-07-08,Netherlands
209331,M. Salah,Mohamed Salah Ghaly,1992-06-15,Egypt
200104,H. Son,손흥민 孙兴慜,1992-07-08,Korea Republic
200145,Casemiro,Carlos Henrique Venancio Casimiro,1992-02-23,Brazil
202126,H. Kane,Harry Kane,1993-07-28,England
210257,Ederson,Ederson Santana de Moraes,1993-08-17,Brazil
212831,Alisson,Alisson Ramsés Becker,1992-10-02,Brazil
215914,N. Kanté,N'Golo Kanté,1991-03-29,France
210514,João Cancelo,João Pedro Cavaco Cancelo,1994-05-27,Portugal
218667,Bernardo Silva,Bernardo Mota Veiga de Carvalho e Silva,1994-08-10,Portugal
239085,E. Haaland,Erling Braut Haaland,2000-07-21,Norway
239818,Rúben Dias,Rúben dos Santos Gato Alves Dias,1997-05-14,Portugal
167948,H. Lloris,Hugo Lloris,1986-12-26,France
193080,De Gea,David De Gea Quintana,1990-11-07,Spain
201024,K. Koulibaly,Kalidou Koulibaly,1991-06-20,Senegal
209499,Fabinho,Fábio Henrique Tavares,1993-10-23,Brazil
216267,A. Robertson,Andrew Robertson,1994-03-11,Scotland
231281,T. Alexander-Arnold,Trent Alexander-Arnold,1998-10-07,England
231866,Rodri,Rodrigo Hernández Cascante,1996-06-22,Spain
164240,Thiago Silva,Thiago Emiliano da Silva,1984-09-22,Brazil
189509,Thiago,Thiago Alcântara do Nascimento,1991-04-11,Spain
202652,R. Sterling,Raheem Sterling,1994-12-08,England
204485,R. Mahrez,Riyad Mahrez,1991-02-21,Algeria
212198,Bruno Fernandes,Bruno Miguel Borges Fernandes,1994-09-08,Portugal
212218,A. Laporte,Aymeric Laporte,1994-05-27,Spain
234642,É. Mendy,Édouard Mendy,1992-03-01,Senegal
186942,İ. Gündoğan,İlkay Gündoğan,1990-10-24,Germany
188377,K. Walker,Kyle Walker,1990-05-28,England
188567,P. Aubameyang,Pierre-Emerick Emiliano François Aubameyang,1989-06-18,Gabon
205498,Jorginho,Luiz Frello Filho Jorge,1991-12-20,Italy
208830,J. Vardy,Jamie Vardy,1987-01-11,England
224458,Diogo Jota,Diogo José Teixeira da Silva,1996-12-04,Portugal
237692,P. Foden,Philip Foden,2000-05-28,England
181458,I. Perišić,Ivan Perišić,1989-02-02,Croatia
186345,K. Trippier,Kieran Trippier,1990-09-19,England
197061,J. Matip,Joël Andre Job Matip,1991-08-08,Cameroon
201535,R. Varane,Raphaël Varane,1993-04-25,France
202811,E. Martínez,Damián Emiliano Martínez,1992-09-02,Argentina
206517,J. Grealish,Jack Grealish,1995-09-10,England
207410,M. Kovačić,Mateo Kovačić,1994-05-06,Croatia
209989,T. Partey,Thomas Partey,1993-06-13,Ghana
216393,Y. Tielemans,Youri Tielemans,1997-05-07,Belgium
222665,M. Ødegaard,Martin Ødegaard,1998-12-17,Norway
226790,W. Ndidi,Onyinye Wilfred Ndidi,1996-12-16,Nigeria
233049,J. Sancho,Jadon Sancho,2000-03-25,England
233064,M. Mount,Mason Mount,1999-01-10,England
234378,D. Rice,Declan Rice,1999-01-14,England
235790,K. Havertz,Kai Lukas Havertz,1999-06-11,Germany
238074,R. James,Reece James,1999-12-08,England
241084,L. Díaz,Luis Fernando Díaz Marulanda,1997-01-13,Colombia
183711,J. Henderson,Jordan Henderson,1990-06-17,England
201942,Roberto Firmino,Roberto Firmino Barbosa de Oliveira,1991-10-02,Brazil
203574,J. Stones,John Stones,1994-05-28,England
208670,H. Ziyech,Hakim Ziyech,1993-03-19,Morocco
210243,Ricardo Pereira,Ricardo Domingos Barbosa Pereira,1993-10-06,Portugal
213648,P. Højbjerg,Pierre-Emile Kordt Højbjerg,1995-08-05,Denmark
219693,Diego Carlos,Diego Carlos Santos Silva,1993-03-15,Brazil
224293,Rúben Neves,Rúben Diogo da Silva Neves,1997-03-13,Portugal
230666,Gabriel Jesus,Gabriel Fernando de Jesus,1997-04-03,Brazil
232488,C. Romero,Cristian Gabriel Romero,1998-04-27,Argentina
164835,Ł. Fabiański,Łukasz Fabiański,1985-04-18,Poland
184432,Azpilicueta,César Azpilicueta Tanco,1989-08-28,Spain
189242,Coutinho,Philippe Coutinho Correia,1992-06-12,Brazil
190460,C. Eriksen,Christian Dannemann Eriksen,1992-02-14,Denmark
193474,I. Gueye,Idrissa Gana Gueye,1989-09-26,Senegal
198717,W. Zaha,Wilfried Zaha,1992-11-10,Côte d'Ivoire
200458,L. Digne,Lucas Digne,1993-07-20,France
204838,R. Jiménez,Raúl Alonso Jiménez Rodríguez,1991-05-05,Mexico
204935,J. Pickford,Jordan Pickford,1994-03-07,England
220697,J. Maddison,James Maddison,1996-11-23,England
224411,Gonçalo Guedes,Gonçalo Manuel Ganchinho Guedes,1996-11-29,Portugal
227796,C. Pulisic,Christian Pulisic,1998-09-18,United States
229984,B. Chilwell,Ben Chilwell,1996-12-21,England
233927,Lucas Paquetá,Lucas Tolentino Coelho de Lima,1997-08-27,Brazil
233934,A. Ramsdale,Aaron Ramsdale,1998-05-14,England
246669,B. Saka,Bukayo Saka,2001-09-05,England
253072,D. Núñez,Darwin Gabriel Núñez Ribeiro,1999-06-24,Uruguay
255475,Antony,Antony Matheus dos Santos,2000-02-24,Brazil
162347,João Moutinho,João Filipe Iria Santos Moutinho,1986-09-08,Portugal
193105,A. Areola,Alphonse Areola,1993-02-27,France
194404,Neto,Norberto Murara Neto,1989-07-19,Brazil
203263,H. Maguire,Harry Maguire,1993-03-05,England
203841,N. Pope,Nick Pope,1992-04-19,England
205569,J. Ward-Prowse,James Ward-Prowse,1994-11-01,England
212442,José Sá,José Pedro Malheiro de Sá,1993-01-17,Portugal
216388,A. Saint-Maximin,Allan Saint-Maximin,1997-03-12,France
220971,N. Keïta,Naby Keïta,1995-02-10,Guinea
224081,K. Phillips,Kalvin Phillips,1995-12-02,England
225100,J. Gomez,Joe Gomez,1997-05-23,England
226491,K. Tierney,Kieran Tierney,1997-06-05,Scotland
229237,M. Akanji,Manuel Obafemi Akanji,1995-07-19,Switzerland
229261,D. Zakaria,Denis Lemi Zakaria Lako Lado,1996-11-20,Switzerland
229391,Palhinha,João Maria Lobo Alves Palhinha Gonçalves,1995-07-09,Portugal
231677,M. Rashford,Marcus Rashford,1997-10-31,England
231943,Richarlison,Richarlison de Andrade,1997-05-10,Brazil
232580,Gabriel,Gabriel dos Santos Magalhães,1997-12-19,Brazil
236480,Y. Bissouma,Yves Bissouma,1996-08-30,Mali
236792,T. Souček,Tomáš Souček,1995-02-27,Czech Republic
237678,I. Konaté,Ibrahima Konaté,1999-05-25,France
239231,Cucurella,Marc Cucurella Saseta,1998-07-22,Spain
239301,L. Martínez,Lisandro Martínez,1998-01-18,Argentina
247394,D. Kulusevski,Dejan Kulusevski,2000-04-25,Sweden
247851,Bruno Guimarães,Bruno Guimarães Rodriguez Moura,1997-11-16,Brazil
192563,B. Leno,Bernd Leno,1992-03-04,Germany
199914,Allan,Allan Marques Loureiro,1991-01-08,Brazil
200159,S. Ortega,Stefan Ortega Moreno,1992-11-06,Germany
200949,Lucas Moura,Lucas Rodrigues Moura da Silva,1992-08-13,Brazil
202024,R. Freuler,Remo Marco Freuler,1992-04-15,Switzerland
202335,E. Dier,Eric Dier,1994-01-15,England
204311,K. Zouma,Kurt Happy Zouma,1994-10-27,France
205988,L. Shaw,Luke Shaw,1995-07-12,England
206585,Kepa,Kepa Arrizabalaga Revuelta,1994-10-03,Spain
209297,Fred,Frederico Rodrigues de Paula Santos,1993-03-05,Brazil
211300,A. Martial,Anthony Martial,1995-12-05,France
220407,M. Dúbravka,Martin Dúbravka,1989-01-15,Slovakia
221479,D. Calvert-Lewin,Dominic Calvert-Lewin,1997-03-16,England
221660,V. Lindelöf,Victor Jörgen Nilsson Lindelöf,1994-07-17,Sweden
224371,J. Bowen,Jarrod Bowen,1996-12-20,England
226162,E. Buendía,Emiliano Buendía,1996-12-25,Argentina
226710,G. Scamacca,Gianluca Scamacca,1999-01-01,Italy
227928,Nélson Semedo,Nélson Cabral Semedo,1993-11-16,Portugal
229880,A. Wan-Bissaka,Aaron Wan-Bissaka,1997-11-26,England
229906,L. Bailey,Leon Bailey Butler,1997-08-09,Jamaica
230658,Arthur,Arthur Henrique Ramos de Oliveira Melo,1996-08-12,Brazil
233500,L. Sinisterra,Luis Fernando Sinisterra Lucumí,1999-06-17,Colombia
233731,A. Isak,Alexander Isak,1999-09-21,Sweden
234742,H. Barnes,Harvey Lewis Barnes,1997-12-09,England
236987,B. Kamara,Boubacar Bernard Kamara,1999-11-23,France
237238,S. McTominay,Scott McTominay,1996-12-08,Scotland
240273,E. Smith Rowe,Emile Smith Rowe,2000-07-28,England
243715,W. Saliba,William Alain André Gabriel Saliba,2001-03-24,France
244470,V. Coufal,Vladimír Coufal,1992-08-22,Czech Republic
244749,N. Aguerd,Nayef Aguerd,1996-03-30,Morocco
251573,Renan Lodi,Renan Augusto Lodi dos Santos,1998-04-08,Brazil
251809,S. Botman,Sven Botman,2000-01-12,Netherlands
169588,J. Evans,Jonathan Grant Evans,1988-01-03,Northern Ireland
183855,A. Ogbonna,Angelo Obinze Ogbonna,1988-05-23,Italy
188988,M. Lanzini,Manuel Lanzini,1993-02-15,Argentina
189690,Guaita,Vicente Guaita Panadero,1987-01-10,Spain
190717,M. Antonio,Michail Antonio,1990-03-28,Jamaica
195859,D. Ings,Daniel William John Ings,1992-07-23,England
196978,C. Wilson,Callum Wilson,1992-02-27,England
199503,G. Xhaka,Granit Xhaka,1992-09-27,Switzerland
199915,L. Dunk,Lewis Dunk,1991-11-21,England
202048,C. Coady,Conor Coady,1993-02-25,England
202695,J. Tarkowski,James Tarkowski,1992-11-19,England
205923,B. Davies,Benjamin Thomas Davies,1993-04-24,Wales
207421,L. Trossard,Leandro Trossard,1994-12-04,Belgium
207599,M. Keane,Michael Keane,1993-01-11,England
208135,A. Doucouré,Abdoulaye Doucouré,1993-01-01,Mali
210455,Jonny,Jonathan Castro Otto,1994-03-03,Spain
210881,J. McGinn,John McGinn,1994-10-18,Scotland
213956,Adama Traoré,Adama Traoré Diarra,1996-01-25,Spain
220793,D. Sánchez,Davinson Sánchez Mina,1996-06-12,Colombia
221363,D. van de Beek,Donny van de Beek,1997-04-18,Netherlands
226456,Pablo Fornals,Pablo Fornals Malla,1996-02-22,Spain
227174,M. Cash,Matty Cash,1997-08-07,Poland
227535,R. Bentancur,Rodrigo Bentancur Colmán,1997-06-25,Uruguay
227678,E. Konsa,Ezri Konsa Ngoyo,1997-10-23,England
227813,O. Zinchenko,Oleksandr Zinchenko,1996-12-15,Ukraine
231936,B. White,Benjamin White,1997-10-08,England
232938,T. Tomiyasu,冨安 健洋,1998-11-05,Japan
233306,D. Henderson,Dean Henderson,1997-03-12,England
237942,P. Estupiñán,Pervis Josué Estupiñán Tenorio,1998-01-21,Ecuador
238041,T. Malacia,Tyrell Malacia,1999-08-17,Netherlands
238216,C. Gallagher,Conor Gallagher,2000-02-06,England
248695,W. Fofana,Wesley Fofana,2000-12-17,France
253124,Matheus Nunes,Matheus Luiz Nunes,1998-08-27,Portugal
138412,J. Milner,James Philip Milner,1986-01-04,England
189615,A. Cresswell,Aaron Cresswell,1989-12-15,England
189682,B. Mee,Ben Mee,1989-09-21,England
192789,Mario Gaspar,Mario Gaspar Pérez Martínez,1990-11-24,Spain
194806,C. Dawson,Craig Dawson,1990-05-06,England
197853,S. Aurier,Serge Alain Stéphane Aurier,1992-12-24,Côte d'Ivoire
199652,D. Praet,Dennis Praet,1994-05-14,Belgium
202750,W. Boly,Willy-Arnaud Zobo Boly,1991-02-03,Côte d'Ivoire
206534,P. Bamford,Patrick Bamford,1993-09-05,England
207494,J. Lingard,Jesse Lingard,1992-12-15,England
208004,J. Veltman,Joël Ivo Veltman,1992-01-15,Netherlands
208920,N. Aké,Nathan Aké,1995-02-18,Netherlands
212151,T. Strakosha,Thomas Strakosha,1995-03-19,Albania
212419,T. Mings,Tyrone Mings,1993-03-13,England
215716,A. Mitrović,Aleksandar Mitrović,1994-09-16,Serbia
215798,M. Cornet,Gnaly Maxwel Cornet,1996-09-27,Côte d'Ivoire
220440,C. Lenglet,Clément Nicolas Laurent Lenglet,1995-06-17,France
220621,S. Benrahma,Mohamed Saïd Benrahma,1995-08-10,Algeria
221697,O. Watkins,Ollie Watkins,1995-12-30,England
222501,T. Castagne,Timothy Castagne,1995-12-05,Belgium
225263,D. Ćaleta-Car,Duje Ćaleta-Car,1996-09-17,Croatia
225859,M. Niakhaté,Moussa Niakhaté,1996-03-08,France
226766,Daniel Podence,Daniel Castelo Podence,1995-10-21,Portugal
227222,F. Guilbert,Frédéric Guilbert,1994-12-24,France
227927,K. Walker-Peters,Kyle Walker-Peters,1997-04-13,England
230977,M. Almirón,Miguel Ángel Almirón Rejala,1994-02-10,Paraguay
232119,Ç. Söyüncü,Çağlar Söyüncü,1996-05-23,Turkey
234574,Diogo Dalot,José Diogo Dalot Teixeira,1999-03-18,Portugal
236499,Douglas Luiz,Douglas Luiz Soares de Paulo,1998-05-09,Brazil
236506,M. Senesi,Marcos Nicolás Senesi Barón,1997-05-10,Argentina
238616,Pedro Neto,Pedro Lomba Neto,2000-03-09,Portugal
239901,S. Kalajdžić,Saša Kalajdžić,1997-07-07,Austria
241159,M. Guéhi,Addji Keaninkin Marc-Israel Guéhi,2000-07-13,England
246191,J. Álvarez,Julián Álvarez,2000-01-31,Argentina
247204,Emerson Royal,Emerson Aparecido Leite de Souza Junior,1999-01-14,Brazil
251566,Gabriel Martinelli,Gabriel Teodoro Martinelli Silva,2001-06-18,Brazil
180403,Willian,Willian Borges da Silva,1988-08-09,Brazil
186801,C. Kouyaté,Cheikhou Kouyaté,1989-12-21,Senegal
189165,J. Shelvey,Jonjo Shelvey,1992-02-27,England
190765,P. Groß,Pascal Groß,1991-06-15,Germany
198032,D. Burn,Dan Burn,1992-05-09,England
198329,Rodrigo,Rodrigo Moreno Machado,1991-03-06,Spain
198784,A. Oxlade-Chamberlain,Alex Oxlade-Chamberlain,1993-08-15,England
201417,M. Doherty,Matthew James Doherty,1992-01-16,Republic of Ireland
210047,F. Schär,Fabian Lukas Schär,1991-12-20,Switzerland
210625,K. Mbabu,Melingo Kevin Mbabu,1995-04-19,Switzerland
210736,Emerson,Emerson Palmieri dos Santos,1994-08-03,Italy
212228,I. Toney,Ivan Toney,1996-03-16,England
212678,L. Augustinsson,Hans Carl Ludwig Augustinsson,1994-04-21,Sweden
218659,M. Targett,Matt Targett,1995-09-18,England
220523,Y. Mina,Yerry Fernando Mina González,1994-09-23,Colombia
220633,D. Gray,Demarai Gray,1996-06-28,England
224221,J. Andersen,Joachim Andersen,1996-05-31,Denmark
225719,K. Iheanacho,Kelechi Promise Iheanacho,1996-10-03,Nigeria
225793,B. Godfrey,Ben Godfrey,1998-01-15,England
226380,Hwang Hee Chan,황희찬 黄喜灿,1996-01-26,Korea Republic
228295,R. Holding,Rob Holding,1995-09-20,England
228789,Robert Sánchez,Robert Lynch Sánchez,1997-11-18,Spain
230978,T. Awoniyi,Taiwo Michael Awoniyi,1997-08-12,Nigeria
231633,I. Diop,Issa Diop,1997-01-09,France
232080,J. Harrison,Jack Harrison,1996-11-20,England
232104,D. James,Daniel James,1997-11-10,Wales
232223,K. Tsimikas,Konstantinos Tsimikas,1996-05-12,Greece
233267,M. Turner,Matthew Charles Turner,1994-06-24,United States
233301,R. Kristensen,Rasmus Nissen Kristensen,1997-07-11,Denmark
234777,Z. Steffen,Zack Steffen,1995-04-02,United States
235036,W. Faes,Wout Felix Lina Faes,1998-04-03,Belgium
235353,I. Sarr,Ismaïla Sarr,1998-02-25,Senegal
241042,O. Skipp,Oliver Skipp,2000-09-16,England
241202,P. Daka,Patson Daka,1998-10-09,Zambia
242656,I. Meslier,Illan Meslier,2000-03-02,France
244176,D. Undav,Deniz Undav,1996-07-19,Germany
244915,M. Salisu,Mohamed Salisu Abdul Karim,1999-04-17,Ghana
245336,M. Kilman,Maximilian Kilman,1997-05-23,England
246785,Bryan Gil,Bryan Gil Salvatierra,2001-02-11,Spain
256958,Fábio Vieira,Fábio Daniel Ferreira Vieira,2000-05-30,Portugal
170597,T. Krul,Tim Krul,1988-04-03,Netherlands
172203,F. Forster,Fraser Forster,1988-03-17,England
179844,Diego Costa,Diego da Silva Costa,1988-10-07,Spain
180216,S. Coleman,Séamus Coleman,1988-10-11,Republic of Ireland
189280,A. Westwood,Ashley Westwood,1990-04-01,England
189456,L. Cooper,Liam Cooper,1991-08-30,Scotland
192123,C. Wood,Christopher Grant Wood,1991-12-07,New Zealand
194932,A. Townsend,Andros Townsend,1991-07-16,England
200759,J. Schlupp,Jeffrey Schlupp,1992-12-23,Ghana
202282,S. Armstrong,Stuart Armstrong,1992-03-30,Scotland
203362,M. Elyounoussi,Mohamed Amine Elyounoussi,1994-08-04,Norway
207616,A. Webster,Adam Webster,1995-01-04,England
207807,R. Fraser,Ryan Fraser,1994-02-24,Scotland
208450,Andreas Pereira,Andreas Hugo Hoelgebaum Pereira,1996-01-01,Brazil
210697,C. Nørgaard,Christian Thers Nørgaard,1994-03-10,Denmark
210896,M. Sanson,Morgan Sanson,1994-08-18,France
211454,M. Elneny,Mohamed Naser Elsayed Elneny,1992-07-11,Egypt
211784,N. Maupay,Neal Maupay,1996-08-14,France
212501,L. Dendoncker,Leander Dendoncker,1995-04-15,Belgium
212602,Diego Llorente,Diego Javier Llorente Ríos,1993-08-16,Spain
212883,D. Amartey,Daniel Amartey,1994-12-21,Ghana
213666,R. Loftus-Cheek,Ruben Loftus-Cheek,1996-01-23,England
215590,Ayoze Pérez,Ayoze Pérez Gutiérrez,1993-07-29,Spain
220196,D. Brooks,David Robert Brooks,1997-07-08,Wales
220570,J. Bednarek,Jan Kacper Bednarek,1996-04-12,Poland
220710,H. Wilson,Harry Wilson,1997-03-22,Wales
220901,David Raya,David Raya Martin,1995-09-15,Spain
226093,C. Adams,Ché Adams,1996-07-13,Scotland
226229,T. Kehrer,Jan Thilo Kehrer,1996-09-21,Germany
230918,T. Chalobah,Trevoh Chalobah,1999-07-05,England
231318,R. Perraud,Romain Perraud,1997-09-22,France
231554,J. Justin,James Justin,1998-02-23,England
232999,T. Adams,Tyler Shaan Adams,1999-02-14,United States
233866,O. Edouard,Odsonne Édouard,1998-01-16,France
235794,E. Eze,Eberechi Eze,1998-06-29,England
235945,Marc Roca,Marc Roca Junqué,1996-11-26,Spain
236461,J. Mateta,Jean-Philippe Mateta,1997-06-28,France
236532,R. Koch,Robin Koch,1996-07-17,Germany
239015,E. Dennis,Emmanuel Bonaventure Dennis,1997-11-15,Nigeria
239360,P. Struijk,Pascal Struijk,1999-08-11,Netherlands
239817,B. Soumaré,Boubakary Soumaré,1999-02-27,France
239837,A. Mac Allister,Alexis Mac Allister,1998-12-24,Argentina
240947,T. Mitchell,Tyrick Mitchell,1999-09-01,England
241508,M. Damsgaard,Mikkel Krogh Damsgaard,2000-07-03,Denmark
242434,C. Jones,Curtis Jones,2001-01-30,England
242619,C. Doucouré,Cheick Oumar Doucouré,2000-01-08,Mali
242641,R. Aït Nouri,Rayan Aït Nouri,2001-06-06,France
243231,E. Mwepu,Enock Mwepu,1998-01-01,Zambia
243282,D. McNeil,Dwight McNeil,1999-11-22,England
244380,V. Mykolenko,Vitaliy Mykolenko,1999-05-29,Ukraine
244621,Vinícius,Carlos Vinícius Alves Morais,1995-03-22,Brazil
246791,M. Solomon,Manor Solomon,1999-07-24,Israel
247827,M. Olise,Michael Olise,2001-12-12,France
171972,J. McArthur,James McArthur,1987-10-07,Scotland
172723,A. Begović,Asmir Begović,1987-06-20,Bosnia and Herzegovina
180819,A. Lallana,Adam David Lallana,1988-05-10,England
183130,M. Albrighton,Marc Albrighton,1989-11-18,England
186146,D. Welbeck,Daniel Nii Tackie Mensah Welbeck,1990-11-26,England
186156,L. Ayling,Luke Ayling,1991-08-25,England
189324,A. McCarthy,Alex McCarthy,1989-12-03,England
190362,T. Pukki,Teemu Eino Antero Pukki,1990-03-29,Finland
193331,K. Darlow,Karl Darlow,1990-10-08,England
194201,P. Jansson,Pontus Jansson,1991-02-13,Sweden
195202,T. Cairney,Tom Cairney,1991-01-20,Scotland
195668,Joel Robles,Joel Robles Blázquez,1990-06-17,Spain
197756,J. Ayew,Jordan Pierre Ayew,1991-09-11,Ghana
201118,Cédric,Cédric Ricardo Alves Soares,1991-08-31,Portugal
201510,L. Kurzawa,Layvin Kurzawa,1992-09-04,France
202849,J. Vestergaard,Jannik Vestergaard,1992-08-03,Denmark
203487,J. Lascelles,Jamaal Lascelles,1993-11-11,England
203570,S. Dallas,Stuart Dallas,1991-04-19,Northern Ireland
204760,C. Taylor,Charlie Taylor,1993-09-18,England
205201,O. Yokuşlu,Okay Yokuşlu,1994-03-09,Turkey
205346,R. Fredericks,Ryan Fredericks,1992-10-10,England
205970,J. Wallace,Jed Wallace,1994-03-26,England
205989,C. Chambers,Calum Chambers,1995-01-20,England
205990,H. Reed,Harrison Reed,1995-01-27,England
206075,S. Johnstone,Sam Johnstone,1993-03-25,England
206115,I. Hayden,Isaac Hayden,1995-03-22,England
206516,W. Hughes,Will Hughes,1995-04-17,England
206594,S. March,Solomon March,1994-07-20,England
207557,R. Olsen,Robin Patrick Olsen,1990-01-08,Sweden
207928,T. Rogić,Tomas Petar Rogić,1992-12-16,Australia
207998,D. Ward,Danny Ward,1993-06-22,Wales
208053,D. Pelkas,Dimitrios Pelkas,1993-10-26,Greece
210635,K. Hause,Kortney Hause,1995-07-16,England
211506,J. Swift,John Swift,1995-06-23,England
213655,A. Iwobi,Alex Iwobi,1996-05-03,Nigeria
213991,J. Lerma,Jefferson Andrés Lerma Solís,1994-10-25,Colombia
216451,J. Seri,Jean Michaël Seri,1991-07-19,Côte d'Ivoire
220421,H. Kamara,Hassane Kamara,1994-03-05,Côte d'Ivoire
220659,J. Brownhill,Josh Brownhill,1995-12-19,England
220714,P. Billing,Philip Billing,1996-06-11,Denmark
222104,T. Adarabioyo,Oluwatosin Adarabioyo,1997-09-24,England
222951,M. Rodák,Marek Rodák,1996-12-13,Slovakia
222994,M. Nakamba,Marvelous Nakamba,1994-01-19,Zimbabwe
223334,Joelinton,Joelinton Cassio Apolinário de Lira,1996-08-14,Brazil
224258,K. Ajer,Kristoffer Vassbakk Ajer,1998-04-17,Norway
224494,R. Henry,Rico Henry,1997-07-08,England
225024,M. Holgate,Mason Holgate,1996-10-22,England
225147,C. Roberts,Connor Roberts,1995-09-23,Wales
225539,D. Solanke,Dominic Solanke,1997-09-14,England
225782,A. Maitland-Niles,Ainsley Maitland-Niles,1997-08-29,England
228092,S. Berge,Sander Gard Bolin Berge,1998-02-18,Norway
228151,J. Cullen,Joshua Jon Cullen,1996-04-07,Republic of Ireland
230005,T. Davies,Tom Davies,1998-06-30,England
231044,J. Aribo,Joseph Oluwaseyi Temitope Ayodele-Aribo,1996-07-21,Nigeria
233795,B. Brereton Díaz,Benjamin Anthony Brereton Díaz,1999-04-18,Chile
234078,O. Mangala,Orel Mangala,1998-03-18,Belgium
234824,Y. Wissa,Yoane Wissa,1996-09-03,Congo DR
235883,R. Sessegnon,Kouassi Ryan Sessegnon,2000-05-18,England
236015,M. Gibbs-White,Morgan Anthony Gibbs-White,2000-01-27,England
237329,J. Willock,Joseph Willock,1999-08-20,England
237386,K. Dewsbury-Hall,Kiernan Dewsbury-Hall,1998-09-06,England
238717,E. Pinnock,Ethan Rupert Pinnock,1993-05-29,Jamaica
241184,Junior Firpo,Héctor Junior Firpo Adamés,1996-08-22,Spain
241928,A. Sambi Lokonga,Albert-Mboyo Sambi Lokonga,1999-10-22,Belgium
242418,T. Lamptey,Tariq Lamptey,2000-09-30,Ghana
242964,A. Gordon,Anthony Gordon,2001-02-24,England
243014,B. Mbeumo,Bryan Mbeumo,1999-08-07,Cameroon
243702,D. Spence,Djed Spence,2000-08-09,England
246923,J. Ramsey,Jacob Ramsey,2001-05-21,England
248484,N. Collins,Nathan Michael Collins,2001-04-30,Republic of Ireland
248808,A. Hickey,Aaron Buchanan Hickey,2002-06-10,Scotland
251421,B. Johnson,Brennan Price Johnson,2001-05-23,Wales
254470,L. Thomas,Luke Thomas,2001-06-10,England
256268,A. Broja,Armando Broja,2001-09-10,Albania
262118,T. Livramento,Valentino Livramento,2002-11-12,England
152908,A. Young,Ashley Young,1985-07-09,England
169705,R. Bertrand,Ryan Bertrand,1989-08-05,England
169706,J. Cork,Jack Cork,1989-06-25,England
169792,J. Rodriguez,Jay Rodriguez,1989-07-29,England
170084,W. Hennessey,Wayne Robert Hennessey,1987-01-24,Wales
186392,J. Ward,Joel Ward,1989-10-29,England
188182,L. Balogun,Leon Aderemi Balogun,1988-06-28,Nigeria
189250,S. Rondón,José Salomón Rondón Giménez,1989-09-16,Venezuela
190324,C. Kabasele,Christian Kabasele,1991-02-24,Belgium
190456,N. Clyne,Nathaniel Edwin Clyne,1991-04-05,England
190885,A. Smith,Adam Smith,1991-04-29,England
192622,S. Duffy,Shane Patrick Michael Duffy,1992-01-01,Republic of Ireland
192955,M. Klich,Mateusz Andrzej Klich,1990-06-13,Poland
193182,W. Foderingham,Wesley Foderingham,1991-01-14,England
198861,N. Mendy,Nampalys Mendy,1992-06-23,Senegal
198904,G. Hanley,Grant Hanley,1991-11-20,Scotland
202697,J. Stephens,Jack Stephens,1994-01-27,England
203502,B. Decordova-Reid,Bobby De Cordova-Reid,1993-02-02,Jamaica
204936,J. Egan,John Egan,1992-10-20,Republic of Ireland
206304,L. Milivojević,Luka Milivojević,1991-04-07,Serbia
207650,E. Krafth,Emil Henry Kristoffer Krafth,1994-08-02,Sweden
210972,Manquillo,Javier Manquillo Gaitán,1994-05-05,Spain
213884,R. Christie,Ryan Christie,1995-02-12,Scotland
216266,K. Tete,Kenny Joelle Tete,1995-10-09,Netherlands
221269,J. Riedewald,Jaïro Riedewald,1996-09-09,Netherlands
221841,A. Armstrong,Adam Armstrong,1997-02-10,England
222514,F. Woodman,Freddie Woodman,1997-03-04,England
223154,O. Tufan,Ozan Tufan,1995-03-23,Turkey
223159,R. Dickie,Robert Dickie,1996-03-03,England
224294,L. Cook,Lewis Cook,1997-02-03,England
225748,T. Cantwell,Todd Cantwell,1998-02-27,England
229348,A. Robinson,Antonee Robinson,1997-08-08,United States
229723,M. Jensen,Mathias Jensen,1996-01-01,Denmark
230708,J. Worrall,Joe Worrall,1997-01-10,England
231485,A. Tuanzebe,Axel Tuanzebe,1997-11-14,England
234741,G. Hamer,Gustavo Hamer,1997-06-24,Netherlands
235167,V. Janelt,Vitaly Janelt,1998-05-10,Germany
236600,J. Tanganga,Japhet Tanganga,1999-03-31,England
237161,S. Longstaff,Sean Longstaff,1997-10-30,England
237560,M. Djenepo,Moussa Djenepo,1998-06-15,Mali
239452,I. Diallo,Ibrahima Diallo,1999-03-08,France
239778,J. Moder,Jakub Piotr Moder,1999-04-07,Poland
240060,M. Aarons,Maximillian James Aarons,2000-01-04,England
241811,Sergio Gómez,Sergio Gómez Martín,2000-09-04,Spain
241842,B. Johnson,Benjamin Johnson,2000-01-24,England
242660,J. Beyer,Louis Jordan Beyer,2000-05-19,Germany
242794,I. Louza,Imrân Louza,1999-05-01,Morocco
247361,B. Aaronson,Brenden Russell Aaronson,2000-10-22,United States
250954,C. Richards,Christopher Jeffrey Richards,2000-03-28,United States
255565,K. Mitoma,三笘 薫,1997-05-20,Japan
257057,A. Onana,Amadou Zeund Georges Ba Mvom Onana,2001-08-16,Belgium
257470,A. Elanga,Anthony David Junior Elanga,2002-04-27,Sweden
163264,T. Heaton,Tom Heaton,1986-04-15,England
169697,D. Randolph,Darren Randolph,1987-05-12,Republic of Ireland
184274,C. Basham,Chris Basham,1988-07-20,England
186143,O. Norwood,Oliver Norwood,1991-04-12,Northern Ireland
186395,M. Ritchie,Matt Ritchie,1989-09-10,Scotland
188400,T. Kaminski,Thomas Kaminski,1992-10-23,Belgium
189177,J. Fleck,John Fleck,1991-08-24,Scotland
189725,T. Cleverley,Tom Cleverley,1989-08-12,England
193910,A. Forshaw,Adam Forshaw,1991-10-08,England
194017,A. Weimann,Andreas Weimann,1991-08-05,Austria
194957,P. Jones,Phil Jones,1992-02-21,England
198350,D. Bentley,Daniel Bentley,1993-07-13,England
199633,M. Lowton,Matthew Lowton,1989-06-09,England
202940,N. Kebano,Neeskens Kebano,1992-03-10,Congo DR
203042,J. Butland,Jack Butland,1993-03-10,England
204355,P. Dummett,Paul Dummett,1991-09-26,Wales
205897,N. Chalobah,Nathaniel Chalobah,1994-12-12,England
206085,J. Murphy,Jacob Murphy,1995-02-24,England
210556,Lucas João,Lucas Eduardo dos Santos João,1993-09-04,Angola
211009,D. Lenihan,Darragh Lenihan,1994-03-16,Republic of Ireland
211891,A. Voglsammer,Andreas Voglsammer,1992-01-09,Germany
212118,M. Grimes,Matt Grimes,1995-07-15,England
213689,B. Pearson,Ben Pearson,1995-01-04,England
213697,P. McNair,Patrick James Coleman McNair,1995-04-27,Northern Ireland
216481,J. Cooper,Jake Cooper,1995-02-03,England
216627,K. Moore,Kieffer Roberto Francisco Moore,1992-08-08,Wales
221282,J. Stacey,Jack Stacey,1996-04-06,England
222724,B. Manuel,Benson Manuel Hedilazio,1997-03-28,Belgium
225668,K. Grant,Karlan Ahearne-Grant,1997-09-18,England
225785,C. Willock,Chris Anthony Willock,1998-01-31,England
225974,S. McKenna,Scott McKenna,1996-11-12,Scotland
228332,H. Choudhury,Hamza Choudhury,1997-10-01,England
228410,D. Iversen,Daniel Lønne Iversen,1997-07-19,Denmark
228761,Ó. Estupiñán,Óscar Eduardo Estupiñán Vallesilla,1996-12-29,Colombia
229682,D. Fry,Dael Fry,1997-08-30,England
231445,J. Dasilva,Pelenda Joshua Tunga Dasilva,1998-10-23,England
231448,R. Nelson,Reiss Nelson,1999-12-10,England
231512,L. Kelly,Lloyd Kelly,1998-10-06,England
232284,M. Travers,Mark Travers,1999-05-18,Republic of Ireland
234319,L. Travis,Lewis Travis,1997-10-16,England
235026,O. Richards,Omar Tyrell Crawford Richards,1998-02-15,England
235172,Rúben Vinagre,Rúben Gonçalo Silva Nascimento Vinagre,1999-04-09,Portugal
235642,R. Yates,Ryan Yates,1997-11-21,England
236457,D. Giannoulis,Dimitris Giannoulis,1995-10-17,Greece
236530,L. O'Brien,Lewis O'Brien,1998-10-14,England
236988,E. Nketiah,Edward Nketiah,1999-05-30,England
238058,C. O'Hare,Callum O'Hare,1998-05-01,England
239373,Z. Flemming,Zian Flemming,1998-08-01,Netherlands
239529,F. Onyeka,Frank Ogochukwu Onyeka,1998-01-01,Nigeria
240913,C. Kelleher,Caoimhin Kelleher,1998-11-23,Republic of Ireland
240926,N. Phillips,Nathaniel Phillips,1997-03-21,England
243414,B. Williams,Brandon Williams,2000-09-03,England
244591,J. Bogle,Jayden Bogle,2000-07-27,England
245021,M. Loum,Mamadou Loum N,1996-12-30,Senegal
246174,H. Elliott,Harvey Elliott,2003-04-04,England
247249,J. Piroe,Joël Mohammed Ramzan Piroe,1999-08-02,Netherlands
247497,A. Bella Kotchap,Armel Bella Kotchap,2001-12-11,Germany
253055,I. Jones,Isaiah Jones,1999-06-26,England
255106,L. Badé,Loïc Badé,2000-04-11,France
256725,Fábio Carvalho,Fábio Leandro Carvalho,2002-08-30,Portugal
257288,M. Okoye,Maduka Emilio Okoye,1999-08-28,Nigeria
270390,Marquinhos,Marcus Vincius Oliveira Alencar,2003-04-07,Brazil
163050,B. Sharp,Billy Sharp,1986-02-05,England
164859,T. Walcott,Theo Walcott,1989-03-16,England
173546,J. Tomkins,James Tomkins,1989-03-29,England
180706,C. Cathcart,Craig George Cathcart,1989-02-06,Northern Ireland
183129,C. Clark,Ciaran Clark,1989-09-26,Republic of Ireland
183491,Zanka,Mathias Jattah-Njie Jørgensen,1990-04-23,Denmark
184037,M. Kelly,Martin Kelly,1990-04-27,England
186905,A. Barnes,Ashley Luke Barnes,1989-10-30,England
189446,J. Stanislas,Junior Stanislas,1989-11-26,England
191076,J. Guðmundsson,Johann Berg Guðmunds­son,1990-10-27,Iceland
193011,S. Cook,Steve Cook,1991-04-19,England
194911,Adrián,Adrián San Miguel del Castillo,1987-01-03,Spain
198285,L. Nicholls,Lee Nicholls,1992-10-05,England
199027,J. Robinson,Jack Robinson,1993-09-01,England
199960,J. Paterson,Jamie Paterson,1991-12-20,England
201093,N. Powell,Nick Powell,1994-03-23,England
201122,T. Kalas,Tomáš Kalas,1993-05-15,Czech Republic
201887,D. Johnson,Daniel Anthony Johnson,1992-10-08,Jamaica
203775,L. Karius,Loris Karius,1993-06-22,Germany
204496,P. Bauer,Patrick Bauer,1992-10-28,Germany
205670,D. Gayle,Dwight Gayle,1990-10-17,England
206086,H. Toffolo,Harry Toffolo,1995-08-19,England
208052,A. Yiadom,Andrew Kyere Yiadom,1991-12-02,Ghana
208892,S. Byram,Sam Byram,1993-09-16,England
209532,D. Bachmann,Daniel Bachmann,1994-07-09,Austria
210985,B. Osborn,Ben Osborn,1994-08-05,England
211098,B. Dack,Bradley Dack,1993-12-31,England
211504,L. Baker,Lewis Baker,1995-04-25,England
212100,M. Lowe,Max Lowe,1997-05-11,England
212300,J. O'Connell,Jack O'Connell,1994-03-29,England
213418,C. Akpom,Chuba Akpom,1995-10-09,England
213693,J. Rothwell,Joe Rothwell,1995-01-11,England
213750,K. Sema,Ken Nlata Sema,1993-09-30,Sweden
213798,A. Mowatt,Alex Mowatt,1995-02-13,England
216325,A. Gunn,Angus Gunn,1996-01-22,England
216464,A. Browne,Alan James Browne,1995-04-15,Republic of Ireland
221600,M. Clarke,Matt Clarke,1996-09-22,England
222836,R. Ledson,Ryan Ledson,1997-08-19,England
223877,D. Furlong,Darnell Furlong,1995-10-31,England
224013,Sergi Canós,Sergi Canós Tenés,1997-02-02,Spain
225151,A. Traoré,Adama Noss Traoré,1995-06-28,Mali
228681,F. Sierralta,Francisco Andrés Sierralta Carvallo,1997-05-06,Chile
229375,E. Adebayo,Elijah Adebayo,1998-01-07,England
229793,B. Tetteh,Benjamin Tetteh,1997-07-10,Ghana
229901,H. Souttar,Harry James Souttar,1998-10-22,Australia
230672,Lyanco,Lyanco Evangelista Silveira Neves Vojnović,1997-02-01,Brazil
230800,R. Manaj,Rey Manaj,1997-02-24,Albania
231292,J. Lewis,Jamal Lewis,1998-01-25,Northern Ireland
231743,K. Davis,Keinan Davis,1998-02-13,England
233164,A. Murić,Arijanet Anan Murić,1998-11-07,Kosovo
234457,O. Etebo,Oghenekaro Peter Etebo,1995-11-09,Nigeria
236524,A. Ahmedhodžić,Anel Ahmedhodžić,1999-03-26,Bosnia and Herzegovina
237207,S. Kalu,Samuel Kalu Ojim,1997-08-26,Nigeria
237477,M. Tavernier,Marcus Tavernier,1999-03-22,England
239358,S. Dieng,Seny Timothy Dieng,1994-11-23,Senegal
241651,V. Gyökeres,Viktor Einar Gyökeres,1998-06-04,Sweden
243657,J. Garner,James David Garner,2001-03-13,England
243669,J. Anthony,Jaidon Anthony,1999-12-01,England
245992,B. Gilmour,Billy Gilmour,2001-06-11,Scotland
246053,J. Gelhardt,Joe Gelhardt,2002-05-04,England
155871,B. Białkowski,Bartosz Białkowski,1987-07-06,Poland
169216,S. Long,Shane Patrick Long,1987-01-22,Republic of Ireland
178567,E. Pieters,Erik Pieters,1988-08-07,Netherlands
182836,A. Carroll,Andy Carroll,1989-01-06,England
183422,J. Howson,Jonathan Howson,1988-05-21,England
184436,A. Smithies,Alex Smithies,1990-03-05,England
184716,J. Allen,Joseph Michael Allen,1990-03-14,Wales
186158,K. Bartley,Kyle Bartley,1991-05-22,England
187043,S. Johansen,Stefan Marius Johansen,1991-01-08,Norway
189059,J. Livermore,Jake Livermore,1989-11-14,England
192317,J. Steer,Jed Steer,1992-09-23,England
192495,R. Sawyers,Romaine Theodore Sawyers,1991-11-02,Saint Kitts and Nevis
192546,E. Stevens,Enda Stevens,1990-07-09,Republic of Ireland
193185,S. Malone,Scott Malone,1991-03-25,England
193549,S. Hutchinson,Shaun Hutchinson,1990-11-23,England
193884,S. Clucas,Sam Clucas,1990-09-25,England
196952,J. Bidwell,Jake Bidwell,1993-03-21,England
199383,T. Klose,Timm Klose,1988-05-09,Switzerland
200478,J. Hendrick,Jeff Patrick Hendrick,1992-01-31,Republic of Ireland
200778,C. Christie,Cyrus Sylvester Frederick Christie,1992-09-30,Republic of Ireland
200855,G. Baldock,George Baldock,1993-03-09,Greece
201136,M. Colin,Maxime Colin,1991-11-15,France
201368,K. McLean,Kenny McLean,1992-01-08,Scotland
201884,R. Brady,Robbie Brady,1992-01-14,Republic of Ireland
202408,A. Flint,Aden Flint,1989-07-11,England
202693,M. Crooks,Matt Davidson Rider Crooks,1994-01-20,England
203751,C. Townsend,Conor Townsend,1993-03-04,England
203783,T. Smith,Tommy Smith,1992-04-14,England
205054,K. Naismith,Kal Naismith,1992-02-18,Scotland
206518,C. Robinson,Callum Jack Robinson,1995-02-02,Republic of Ireland
207952,S. Ajayi,Oluwasemilogo Adesewo Ibidapo Ajayi,1993-11-09,Nigeria
208024,M. Wallace,Murray Wallace,1993-01-10,Scotland
211384,J. Lowe,Jamal Lowe,1994-07-21,Jamaica
213414,W. Troost-Ekong,William Troost-Ekong,1993-09-01,Nigeria
216270,G. Honeyman,George Honeyman,1994-09-08,England
218745,O. Ntcham,Jules Olivier Ntcham,1996-02-09,France
219293,M. Helik,Michał Sławomir Helik,1995-09-09,Poland
219736,E. Horvath,Ethan Shea Horvath,1995-06-09,United States
221281,D. Hyam,Dominic Hyam,1995-12-20,Scotland
222156,J. Bree,James Bree,1997-12-11,England
224763,K. Bielik,Krystian Bielik,1998-01-04,Poland
225071,B. Whiteman,Benjamin Whiteman,1996-06-17,England
225779,B. Sheaf,Ben Sheaf,1998-02-05,England
226012,R. Manning,Ryan Phelim Manning,1996-06-14,Republic of Ireland
226401,K. Dowell,Kieran Dowell,1997-10-10,England
227806,D. Barlaser,Daniel Tan Barlaser,1997-01-18,England
228684,R. Nyambe,Ryan Nyambe,1997-12-04,Namibia
231540,S. Wharton,Scott Wharton,1997-10-03,England
231616,E. Riis,Emil Riis Jakobsen,1998-06-24,Denmark
232413,A. Dijksteel,Anfernee Dijksteel,1996-10-27,Netherlands
233201,C. Mepham,Christopher James Mepham,1997-11-05,Wales
233487,R. McGree,Riley Patrick McGree,1998-11-02,Australia
233730,Y. Méïté,Yakou Méïté,1996-02-11,Côte d'Ivoire
234129,D. Sinik,Doğukan Sinik,1999-01-21,Turkey
234249,S. Surridge,Sam Surridge,1998-07-28,England
235405,D. O'Shea,Dara Joseph O'Shea,1999-03-04,Republic of Ireland
236246,O. Ejaria,Oviemuno Dominic Ejaria,1997-11-18,England
237619,S. Twine,Scott Edward Twine,1999-07-14,England
238490,I. Chair,Ilias Chair,1997-10-30,Morocco
242217,E. Kayembe,Edo Kayembe,1998-06-03,Congo DR
242749,J. Buckley,John Buckley,1999-10-13,England
243057,N. Williams,Neco Williams,2001-04-13,Wales
243606,K. Lewis-Potter,Keane Lewis-Potter,2001-02-22,England
243608,R. Giles,Ryan Giles,2000-01-26,England
250807,H. Dervişoğlu,Halil İbrahim Dervişoğlu,1999-12-08,Turkey
250810,M. Ekpiteta,Marvin Ekpiteta,1995-08-26,England
252042,João Pedro,João Pedro Junqueira de Jesus,2001-09-26,Brazil
255043,D. Dike,Daryl Dike,2000-06-03,United States
256051,M. Núñez,Marcelino Ignacio Nuñez Espinoza,2000-03-01,Chile
258908,J. van Hecke,Jan Paul van Hecke,2000-06-08,Netherlands
259868,P. Sarr,Pape Matar Sarr,2002-09-14,Senegal
260478,S. Thomas,Sorba Thomas,1999-01-25,Wales
270571,Gabriel Sara,Gabriel Davi Gomes Sara,1999-06-26,Brazil
53914,P. Jagielka,Phil Jagielka,1982-08-17,England
139062,W. Caballero,Wilfredo Daniel Caballero,1981-09-28,Argentina
163600,J. Ruddy,John Ruddy,1986-10-24,England
173671,K. McFadzean,Kyle John McFadzean,1987-02-28,England
183125,T. Deeney,Troy Deeney,1988-06-29,England
183546,J. Hogg,Jonathan Hogg,1988-12-06,England
184749,D. Gosling,Dan Gosling,1990-02-01,England
186598,K. Naughton,Kyle Naughton,1988-11-17,England
187157,M. Godden,Matt Godden,1991-07-29,England
188166,M. Phillips,Matt Phillips,1991-03-13,Scotland
189462,J. Hoilett,David Junior Hoilett,1990-06-05,Canada
193569,T. Lees,Tom Lees,1990-11-28,England
194146,K. Long,Kevin Long,1990-08-18,Republic of Ireland
194150,S. Moore,Simon Moore,1990-05-19,England
194319,D. Ward,Danny Ward,1990-12-09,England
194334,Daniel Ayala,Daniel Sánchez Ayala,1990-11-07,Spain
198261,T. Ream,Timothy Michael Ream,1987-10-05,United States
200408,B. Gibson,Ben Gibson,1993-01-15,England
200689,R. Leonard,Ryan Leonard,1992-05-24,England
200715,A. Davies,Adam Rhys Davies,1992-07-17,Wales
202017,O. Hernández,Onel Lázaro Hernández Mayea,1993-02-01,Cuba
203749,S. Bradley,Sonny Bradley,1991-09-13,England
204215,A. Reach,Adam Michael Reach,1993-02-03,England
204246,M. Bettinelli,Marcus Bettinelli,1992-05-24,England
204412,G. Saville,George Alan Saville,1993-06-01,Northern Ireland
204464,J. Ralls,Joe Ralls,1993-10-12,England
204847,T. Kane,Todd Kane,1993-09-17,England
205351,A. Pritchard,Alex David Pritchard,1993-05-03,England
207804,A. Bell,Amari'i Bell,1994-05-05,Jamaica
207956,P. Mpanzu,Pelly-Ruddock Mpanzu,1994-03-22,Congo DR
208014,M. Pearson,Matthew Pearson,1993-08-03,England
209620,B. Rahman,Abdul Rahman Baba,1994-07-02,Ghana
210644,E. Marcondes,Emiliano Marcondes Camargo Hansen,1995-03-09,Denmark
211363,T. Lockyer,Thomas Alun Lockyer,1994-12-03,Wales
213659,F. Dabo,Fankaty Dabo,1995-10-11,England
213905,S. Gallagher,Sam Gallagher,1995-09-15,England
214906,A. Hughes,Andrew Hughes,1992-06-05,Wales
215437,D. Fisher,Darnell Fisher,1994-04-04,England
216155,H. Cornick,Harry Cornick,1995-04-09,England
217826,J. Laurent,Josh Laurent,1995-05-06,England
218343,R. Hedges,Ryan Peter Hedges,1995-07-08,Wales
220031,O. McBurnie,Oliver McBurnie,1996-06-04,Scotland
221890,J. Fulton,Jay Fulton,1994-04-01,Scotland
221982,P. Roberts,Patrick Roberts,1997-02-05,England
223926,S. Bastien,Samuel Christopher Bastien,1996-09-26,Congo DR
224265,J. Williams,Joe Williams,1996-12-08,England
225775,M. Bola,Marc Bola,1997-12-09,England
226677,J. Bacuna,Juninho Bacuna,1997-08-07,Curacao
228517,A. Rinomhota,Andrew Ferai Rinomhota,1997-04-21,England
228815,T. Roberts,Tyler Roberts,1999-01-12,Wales
228829,M. Roberts,Marc Roberts,1990-07-26,England
231436,G. Diangana,Grady Diangana,1998-04-19,England
232755,J. Dasilva,Jay Dasilva,1998-04-22,England
232759,J. Tymon,Josh Tymon,1999-05-22,England
233105,K. Dougall,Kenneth William Dougall,1993-05-07,Australia
233484,A. Campbell,Allan Campbell,1998-07-04,Scotland
233510,T. Chong,Tahith Chong,1999-12-04,Netherlands
234087,C. Styles,Callum Styles,2000-03-27,Hungary
234803,N. Baxter,Nathan Baxter,1998-11-08,England
235156,J. Dunne,Jimmy Dunne,1997-10-19,Republic of Ireland
235755,A. Trusty,Auston Levi-Jesaiah Trusty,1998-08-12,United States
236650,J. Brown,Jacob Brown,1998-04-10,Scotland
240097,F. Downes,Flynn Downes,1999-01-20,England
240697,S. Baptiste,Shandon Baptiste,1998-04-08,Grenada
240783,T. Campbell,Tyrese Campbell,1999-12-28,England
241236,A. Semenyo,Antoine Semenyo,2000-01-07,Ghana
242265,M. Obafemi,Michael Obafemi,2000-07-06,Republic of Ireland
243585,G. Bazunu,Gavin Okeroghene Bazunu,2002-02-20,Republic of Ireland
243908,D. Ballard,Daniel George Ballard,1999-09-22,Northern Ireland
244319,R. Stewart,Ross Cameron Stewart,1996-07-11,Scotland
246155,S. McCallum,Sam McCallum,2000-09-02,England
246159,E. Laird,Ethan Laird,2001-08-05,England
246679,G. Biancone,Giulian Biancone,2000-03-31,France
247279,L. Dykes,Lyndon John Dykes,1995-10-07,Scotland
247623,J. Ngakia,Jeremy Ngakia,2000-09-07,England
248465,I. Maatsen,Ian Ethan Maatsen,2002-03-10,Netherlands
248687,B. Cabango,Benjamin Cabango,2000-05-30,Wales
251545,D. Churlinov,Darko Churlinov,2000-07-11,North Macedonia
252001,J. Panzo,Jonathan Panzo,2000-10-25,England
252793,T. Harwood-Bellis,Taylor Jay Harwood-Bellis,2002-01-30,England
253283,F. Pellistri,Facundo Pellistri Rebollo,2001-12-20,Uruguay
256079,M. Caicedo,Moisés Isaac Caicedo Corozo,2001-11-02,Ecuador
257063,T. Dolan,Tyrhys Dolan,2001-12-28,England
258626,D. Sinani,Danel Sinani,1997-04-05,Luxembourg
258930,C. Archer,Cameron Archer,2001-12-09,England
259634,J. Zemura,Jordan Bhekithemba Zemura,1999-11-14,Zimbabwe
261188,I. Ndiaye,Iliman Ndiaye,2000-03-06,Senegal
261647,A. Omobamidele,Andrew Abiola Omobamidele,2002-06-23,Republic of Ireland
262859,L. Colwill,Levi Colwill,2003-02-26,England
264337,Rodrigo Muniz,Rodrigo Muniz Carvalho,2001-05-04,Brazil
157665,S. Dann,Scott Dann,1987-02-14,England
169078,L. Freeman,Luke Anthony Freeman,1992-03-22,England
186139,M. James,Matty James,1991-07-22,England
186783,A. Adomah,Albert Danquah Adomah,1987-12-13,Ghana
190311,L. Taylor,Lyle James Alfred Taylor,1990-03-29,Montserrat
193186,N. Etheridge,Neil Leonard Dula Etheridge,1990-02-07,Philippines
193942,J. Colback,Jack Colback,1989-10-24,England
195037,D. Batth,Danny Batth,1990-09-21,England
198190,G. Cunningham,Greg Cunningham,1991-01-31,Republic of Ireland
198437,T. Bradshaw,Tom Bradshaw,1992-07-27,Wales
198489,J. McClean,James Joseph McClean,1989-04-22,Republic of Ireland
199812,R. Allsop,Ryan Allsop,1992-06-17,England
200302,G. Shinnie,Graeme Shinnie,1991-08-04,Scotland
200309,T. Darikwa,Tendayi David Darikwa,1991-12-13,Zimbabwe
200521,T. Ince,Thomas Ince,1992-01-30,England
201911,W. Keane,William David Keane,1993-01-11,Republic of Ireland
202052,B. Afobe,Benik Afobe,1993-02-12,Congo DR
202799,J. Graham,Jordan Graham,1995-03-05,England
205481,M. Bennett,Mason Bennett,1996-07-15,England
205818,R. Woods,Ryan Woods,1993-12-13,England
205887,C. Woodrow,Cauley Woodrow,1994-12-02,England
206536,T. Naylor,Thomas Keith Naylor,1991-06-28,England
206538,K. Stewart,Kevin Linford Stewart,1993-09-07,Jamaica
208806,M. Fox,Morgan Fox,1993-09-21,Wales
211166,J. Whatmough,Jack David Vincent Whatmough,1996-08-19,England
211595,G. Evans,George Evans,1994-12-13,England
212231,Tobias Figueiredo,Tobias Pereira Figueiredo,1994-02-02,Portugal
212454,C. O'Dowda,Callum O'Dowda,1995-04-23,Republic of Ireland
212487,M. Rose,Michael Rose,1995-10-11,Scotland
213147,J. Allen,Jamie Allen,1995-01-29,England
213699,A. Fletcher,Ashley Fletcher,1995-10-02,England
213948,D. Holmes,Duane Holmes,1994-11-06,United States
215374,S. Hogan,Scott Hogan,1992-04-13,Republic of Ireland
215570,G. Rea,Glen Rea,1994-09-03,Republic of Ireland
216483,T. Fosu,Tarique Fosu,1995-11-05,Ghana
218623,Cafú,Carlos Miguel Ribeiro Dias,1993-02-26,Portugal
220862,J. Hugill,Jordan Hugill,1992-06-04,England
221456,R. Burke,Reece Burke,1996-09-02,England
222079,J. Onomah,Josh Onomah,1997-04-27,England
225589,J. Kerr,Jason Kerr,1997-02-06,Scotland
227686,K. Anderson,Keshi Anderson,1995-04-06,England
227929,R. Wintle,Ryan Wintle,1997-06-13,England
230774,J. Clarke-Salter,Jake Clarke-Salter,1997-09-22,England
231005,C. Ogbene,Chiedozie Ogbene,1997-05-01,Republic of Ireland
232185,C. Brittain,Callum Brittain,1998-03-12,England
233705,J. Sørensen,Jakob Lungi Sørensen,1998-03-03,Denmark
235458,C. Kipré,Cédric Kipré,1996-12-09,Côte d'Ivoire
235770,H. Pickering,Harry Pickering,1998-12-29,England
238157,M. Roerslev,Mads Roerslev Rasmussen,1999-06-24,Denmark
238389,B. Wilmot,Ben Wilmot,1999-11-04,England
238460,R. Brewster,Rhian Joel Brewster,2000-04-01,England
239350,S. Dembélé,Siriki Dembélé,1996-09-07,Scotland
239439,P. Płacheta,Przemysław Płacheta,1998-03-23,Poland
239443,D. McNamara,Danny McNamara,1998-12-27,Republic of Ireland
240673,C. Lang,Callum Joseph Lang,1998-09-08,England
241135,J. Collins,Jamilu Collins,1994-08-05,Nigeria
241824,R. Atkinson,Robert Atkinson,1998-07-13,England
242075,J. Sargent,Joshua Thomas Sargent,2000-02-20,United States
243390,I. Poveda,Ian Carlo Poveda-Ocampo,2000-02-09,England
244661,Vitinho,Victor Alexander da Silva,1999-07-23,Brazil
245715,J. Shackleton,Jamie Shackleton,1999-10-08,England
246594,H. Massengo,Han-Noah Massengo,2001-07-07,France
246832,V. Bayo,Vakoun Issouf Bayo,1997-01-10,Côte d'Ivoire
248602,J. Greaves,Jacob Greaves,2000-09-12,England
251954,C. Summerville,Crysencio Summerville,2001-10-30,Netherlands
253034,D. Bernard,Di'Shon Bernard,2000-10-14,England
254088,A. Diallo,Amad Diallo Traoré,2002-07-11,Côte d'Ivoire
257612,S. Mara,Sékou Mara,2002-07-30,France
258607,Toti Gomes,Tote António Gomes,1999-01-16,Portugal
258906,W. Gnonto,Degnand Wilfried Gnonto,2003-11-05,Italy
259751,M. Hoppe,Matthew Hoppe,2001-03-13,United States
260558,R. Khadra,Reda Khadra,2001-07-04,Germany
261299,A. Scott,Alex Scott,2003-08-21,England
262416,Chiquinho,Francisco Jorge Tavares Oliveira,2000-02-05,Portugal
169575,L. Peltier,Lee Peltier,1986-12-11,England
173531,B. Amos,Benjamin Paul Amos,1990-04-10,England
173533,D. Button,David Button,1989-02-27,England
183706,M. Waghorn,Martyn Waghorn,1990-01-23,England
184624,J. Rhodes,Jordan Rhodes,1990-02-05,Scotland
184630,L. Daniels,Luke Daniels,1988-01-05,England
184747,C. Martin,Chris Martin,1988-11-04,Scotland
186449,L. Kelly,Liam Kelly,1990-02-10,Scotland
192320,G. Gardner,Gary Gardner,1992-06-29,England
198641,K. Zohore,Kenneth Dahrup Zohorè,1994-01-31,Denmark
198810,B. Wright,Bailey Colin Wright,1992-07-28,Australia
200667,M. Power,Max Mcauley Power,1993-07-27,England
200758,L. Moore,Liam Simon Moore,1993-01-31,Jamaica
200840,C. Nelson,Curtis Nelson,1993-05-21,England
202528,J. Ruffels,Josh Ruffels,1993-10-23,England
202686,N. Wells,Nahki Wells,1990-06-01,Bermuda
204217,C. Wyke,Charles Thomas Wyke,1992-12-06,England
204502,M. Ingram,Matt Ingram,1993-12-18,England
205347,M. Luongo,Massimo Corey Luongo,1992-09-25,Australia
206653,B. Potts,Brad Potts,1994-07-03,England
209333,C. Maxwell,Christopher Maxwell,1990-07-30,Wales
211966,M. Romeo,Mahlon Beresford Baker Romeo,1995-09-19,Antigua and Barbuda
212223,S. Maguire,Sean Maguire,1994-05-01,Republic of Ireland
212420,N. Sarr,Mouhamado-Naby Sarr,1993-08-13,Senegal
213152,C. Morris,Carlton Morris,1995-12-16,England
215412,C. Elder,Callum Roddie Elder,1995-01-27,Australia
216268,D. Watmore,Duncan Watmore,1994-03-08,England
220045,C. Mahoney,Connor Mahoney,1997-02-12,England
221197,F. Onyedinma,Fred Onyedinma,1996-11-24,Nigeria
223085,L. Berry,Luke David Berry,1992-07-12,England
223905,P. Ng,Perry Ng Tian-Hee,1996-06-24,England
223963,C. Humphreys-Grant,Cameron Lisceous Humphreys-Grant,1998-08-22,England
224021,S. Ojo,Oluwaseyi Babajide Ojo,1997-06-19,England
224099,L. Coyle,Lewie Coyle,1995-10-15,England
225441,K. Palmer,Kasey Palmer,1996-11-09,Jamaica
226507,J. Yates,Jerry Yates,1996-11-10,England
227995,L. Walsh,Liam Walsh,1997-09-15,England
228120,K. Paal,Kenneth Paal,1997-06-24,Netherlands
228225,W. Harding,Wesley Nathan Hylton Harding,1996-10-20,Jamaica
231028,M. Šarkić,Matija Šarkić,1997-07-23,Montenegro
231949,S. Ghoddos,Saman Ghoddos,1993-09-06,Iran
232106,J. Lawrence-Gabriel,Jordan Lawrence-Gabriel,1998-09-25,England
232545,N. Broadhead,Nathan Paul Broadhead,1998-04-05,Wales
233957,S. Field,Sam Field,1998-05-08,England
234039,R. Edmonds-Green,Rarmani Edmonds-Green,1999-01-14,England
234941,C. Pring,Cameron Pring,1998-01-22,England
235028,T. McIntyre,Thomas Mcintyre,1998-11-06,Scotland
235464,J. Storey,Jordan Storey,1997-09-02,England
235496,O. Rathbone,Oliver Michael Rathbone,1996-10-10,England
236551,H. Darling,Harry Jack Darling,1999-08-08,England
237328,N. Tella,Nathan Tella,1999-07-05,England
238071,D. Sterling,Dujon Sterling,1999-10-24,England
240773,R. Norrington-Davies,Rhys Llewelyn Norrington-Davies,1999-04-22,Wales
240784,J. Bursik,Josef John Bursik,2000-07-12,England
241523,M. Forss,Marcus Forss,1999-06-18,Finland
242752,N. Ferguson,Nathan Ferguson,2000-10-06,England
242908,J. Clarke,Jack Clarke,2000-11-23,England
243520,A. McCann,Alistair Edward McCann,1999-12-04,Northern Ireland
244288,A. Idah,Adam Uche Idah,2001-02-11,Republic of Ireland
246946,I. Coulibaly,Ismaila Cheick Coulibaly,2000-12-25,Mali
251198,E. Simms,Ellis Simms,2001-01-05,England
254121,C. Cresswell,Charlie Cresswell,2002-08-17,England
254529,C. Drameh,Cody Callum Pierre Drameh,2001-12-08,England
260843,A. Zaroury,Anass Zaroury,2000-11-07,Belgium
268709,J. Bennette,Jewison Bennette,2004-06-15,Costa Rica
163201,M. McGovern,Michael McGovern,1984-07-12,Northern Ireland
169493,F. Fielding,Frank Fielding,1988-04-04,England
169708,S. Hutchinson,Samuel Edward Hutchinson,1989-08-03,England
170008,B. Hamer,Ben Hamer,1987-11-20,England
186116,H. Lansbury,Henri Lansbury,1990-10-12,England
186578,A. King,Andrew Philip King,1988-10-29,Wales
188168,G. Friend,George Friend,1987-10-19,England
190430,J. Bennett,Joe Bennett,1990-03-28,England
192319,L. Garbutt,Luke Garbutt,1993-05-21,England
192624,S. Ferguson,Shane Kevin Ferguson,1991-07-12,Northern Ireland
193013,J. Shea,James Shea,1991-06-16,England
198039,M. Gillespie,Mark Gillespie,1992-03-27,England
202464,J. Clark,Jordan Clark,1993-09-22,England
203292,O. Turton,Oliver Turton,1992-12-06,England
204354,J. Alnwick,Jak Alnwick,1993-06-17,England
204761,G. Hall,Grant Hall,1991-10-29,England
205596,J. Husband,James Husband,1994-01-03,England
213407,M. Macey,Matthew Ryan Macey,1994-09-09,England
215638,L. Lindsay,Liam Lindsay,1995-10-12,Scotland
215700,L. O'Nien,Luke Terry O'Nien,1994-11-21,England
217096,J. Lumley,Joe Lumley,1995-02-15,England
220139,S. Szmodics,Sammie Szmodics,1995-09-24,Republic of Ireland
220685,Léo Bonatini,Leonardo Bonatini Lohner Maia,1994-03-28,Brazil
220807,M. O'Leary,Max O’Leary,1996-10-10,England
222876,J. Smith,Jordan Smith,1994-12-08,England
224238,W. Boyle,William Sam Douglas Boyle,1995-09-01,England
224842,G. Docherty,Greg Docherty,1996-09-10,Scotland
225072,Z. Vyner,Zak Vyner,1997-05-14,England
225734,C. Hamilton,Christopher Hamilton,1995-03-23,Republic of Ireland
228408,C. Ronan,Connor Patrick Ronan,1998-03-06,Republic of Ireland
228997,C. Goode,Charlie Goode,1995-08-03,England
229091,B. Peacock-Farrell,Bailey Peacock-Farrell,1996-10-29,Northern Ireland
229378,T. Edun,Adetayo Oluwatosin Olusegun Edun,1998-05-14,England
229912,J. Emmanuel,Joshua Emmanuel,1997-08-15,England
230136,J. Thompson,Jordan Andrew Thompson,1997-01-03,Northern Ireland
230815,O. Kakay,Osman Kakay,1997-08-25,Sierra Leone
231185,G. Osho,Gabriel Osho,1998-08-14,England
232250,L. Amos,Luke Amos,1997-02-23,England
233047,J. Latibeaudiere,Joël Latibeaudiere,2000-01-06,Jamaica
233048,T. Dele-Bashiru,Ayotomiwa Dele-Bashiru,1999-09-17,Nigeria
233276,A. Dozzell,Andre Dozzell,1999-05-02,England
233602,G. Hirst,George David Eric Hirst,1999-02-15,England
235618,K. Wilson,Kane Leo Wilson,2000-03-11,England
235913,E. Embleton,Elliot John Embleton,1999-04-02,England
236248,B. Woodburn,Benjamin Luke Woodburn,1999-10-15,Wales
236344,J. Molumby,Jayson Patrick Molumby,1999-08-06,Republic of Ireland
237702,M. Olosunde,Matthew Olosunde,1998-03-07,United States
237833,M. Harris,Mark Thomas Harris,1998-12-29,Wales
237916,W. Smallbone,William Anthony Patrick Smallbone,2000-02-21,Republic of Ireland
238990,S. Lavery,Shayne Francis Lavery,1998-12-08,Northern Ireland
239023,B. Wiles,Benjamin Jack Wiles,1999-04-17,England
240446,C. Tilt,Curtis Anthony Tilt,1991-08-04,Jamaica
241411,T. Holmes,Thomas Holmes,2000-03-12,England
243612,D. Sanderson,Dion Sanderson,1999-12-15,England
245865,S. Bajic,Stefan Bajić,2001-12-23,France
247395,L. McNally,Luke McNally,1999-09-20,Republic of Ireland
250825,R. Longman,Ryan Longman,2000-11-06,England
251560,B. Mitchell,Billy Mitchell,2001-04-07,England
251575,A. Sayyadmanesh,Allahyar Sayyadmanesh,2001-06-29,Iran
253407,S. Greenwood,Sam Greenwood,2002-01-26,England
253465,T. Mengi,Teden Mengi,2002-04-30,England
254243,E. Anderson,Elliott Anderson,2002-11-06,Scotland
257437,R. Colwill,Rubin James Colwill,2002-04-27,Wales
257534,C. Palmer,Cole Palmer,2002-05-06,England
258483,D. Neil,Daniel Neil,2001-12-13,England
263678,T. Gardner-Hickman,Taylor Gardner-Hickman,2001-12-30,England
156464,R. Wood,Richard Mark Wood,1985-07-05,England
165191,C. Jerome,Cameron Jerome,1986-08-14,England
176841,L. Jutkiewicz,Lukas Jutkiewicz,1989-03-28,England
184707,G. Madine,Gary Madine,1990-08-24,England
186127,C. Evans,Ched Evans,1988-12-28,Wales
186562,J. Magennis,Joshua Brendan David Magennis,1990-08-15,Northern Ireland
191079,H. Dean,Harlee Dean,1991-07-26,England
198011,T. Eaves,Tom Eaves,1991-12-04,England
202125,J. Bonham,Jack Bonham,1993-09-14,Republic of Ireland
202131,J. Cousins,Jordan Paul Cousins,1994-03-06,Jamaica
202199,G. Long,George Long,1993-11-05,England
203357,D. Potts,Daniel Potts,1994-04-13,England
205352,J. Archer,Jordan Gideon Archer,1993-04-12,Scotland
213634,M. Bonne,Macauley Miles Bonne,1995-10-26,Zimbabwe
220197,K. Bryan,Kean Bryan,1996-11-01,England
222528,L. Gooch,Lynden Jack Gooch,1995-12-24,United States
222878,T. Walker,Tyler Walker,1996-10-07,England
223909,A. Palmer,Alex Palmer,1996-08-10,England
224130,J. Vickers,Joshua Anthony Vickers,1995-12-01,England
229349,J. Thorniley,Jordan Luke Thorniley,1996-11-24,England
229605,C. Connolly,Callum Connolly,1997-09-23,England
230055,N. Hämäläinen,Nicholas Antero Hämäläinen,1997-03-05,Finland
230882,J. Simpson,Jack Benjamin Simpson,1997-01-08,England
231951,R. Williams,Randell Williams,1996-12-30,England
232412,E. Adams,Ebrima Adams,1996-01-15,Gambia
232599,Y. Nakayama,中山 雄太,1997-02-16,Japan
236315,A. Jones,Alfie Jones,1997-10-07,England
238336,J. Rankin-Costello,Joe Rankin-Costello,1999-07-26,England
240863,C. Coventry,Conor Coventry,2000-03-25,Republic of Ireland
240865,A. Scully,Anthony Richard Scully,1999-04-19,Republic of Ireland
241534,S. McLoughlin,Sean McLoughlin,1996-11-13,Republic of Ireland
241643,V. Johansson,Viktor Tobias Johansson,1998-09-14,Sweden
242423,C. Wright,Callum Wright,2000-05-02,England
242436,J. Russell,Jonathan Russell,2000-10-09,Jamaica
242751,H. Carter,Hayden Carter,1999-12-17,England
242800,G. Tanner,George Tanner,1999-11-16,England
243393,T. Richards,Taylor Richards,2000-12-04,England
243767,G. Kilkenny,Gavin Kilkenny,2000-02-01,Republic of Ireland
245902,T. Parrott,Troy Daniel Parrott,2002-02-04,Republic of Ireland
246847,M. Sykes,Mark Sykes,1997-08-04,Republic of Ireland
248474,T. Anjorin,Faustino Adebola Rasheed Anjorin,2001-11-23,England
248603,L. Mbe Soh,Loïc Mbe Soh,2001-06-13,France
252483,A. Doughty,Alfie Doughty,1999-12-21,England
254120,T. Doyle,Thomas Glyn Doyle,2001-10-17,England
255150,N. Nkounkou,Niels Patrick Nkounkou,2000-11-01,France
255314,P. Kioso,Peter Kioso,1999-08-15,Republic of Ireland
256510,J. Bagan,Joel Matthew Bagan,2001-09-03,Republic of Ireland
257896,N. Patterson,Nathan Kenneth Patterson,2001-10-16,Scotland
259031,L. Delap,Liam Delap,2003-02-08,England
260247,M. Rogers,Morgan Elliot Rogers,2002-07-26,England
261249,É. Michut,Édouard Michut,2003-03-04,France
263522,J. Sarmiento,Jeremy Sarmiento,2002-06-16,Ecuador
157804,S. Carson,Scott Carson,1985-09-03,England
184469,H. Arter,Harry Nicholas Arter,1989-12-28,Republic of Ireland
186135,C. Evans,Corry John Evans,1990-07-30,Northern Ireland
188836,J. Steele,Jason Steele,1990-08-18,England
204825,B. Wilson,Ben Wilson,1992-08-09,England
211604,L. Roberts,Liam Joseph Roberts,1994-11-21,England
217758,C. Washington,Conor James Washington,1992-05-18,Northern Ireland
222654,J. Beesley,Jake Elliott Beesley,1996-12-02,England
223082,W. Norris,Will Norris,1993-08-12,England
224361,A. Cannon,Andy Cannon,1996-03-14,England
224947,D. Grimshaw,Daniel James Grimshaw,1998-01-16,England
225511,C. Trueman,Connal Trueman,1996-03-26,England
227287,J. Lindsay,Jamie William Lindsay,1995-10-11,Scotland
227951,J. McCart,Jamie Daniel Mccart,1997-06-20,Scotland
233938,D. Kasumu,David Ayomide Kasumu,1999-10-05,Nigeria
234260,A. Fisher,Andrew Lee Fisher,1998-02-12,England
235744,B. Thomas-Asante,Brandon Michael Clarke Thomas-Asante,1998-12-29,England
237933,B. Fleming,Brandon Fleming,1999-12-03,England
237935,K. Klaesson,Kristoffer-August Sundquist Klaesson,2000-11-27,Norway
240595,A. Pears,Aynsley Pears,1998-04-23,England
241076,S. Benda,Steven Benda,1998-10-01,Germany
241953,R. Slater,Regan Slater,1999-09-10,England
243571,B. Diaby,Bambo Diaby,1997-12-17,Senegal
243639,M. Watters,Max James Watters,1999-03-23,England
243871,S. High,Scott John High,2001-02-15,Scotland
244655,G. Whyte,Gavin Whyte,1996-01-31,Northern Ireland
245729,H. Clarke,Harrison Clarke,2001-03-02,England
246126,C. Mola,Clinton Mola,2001-03-15,England
246695,M. Pollock,Matthew Pollock,2001-09-28,England
247601,R. Williams,Rhys Williams,2001-02-03,England
251420,T. Fornah,Tyrese Momodu Fornah,1999-09-11,England
251690,J. Rudoni,Jack Rudoni,2001-06-14,England
253969,L. Hjelde,Leo Fuhr Hjelde,2003-08-26,Norway
253996,T. Burey,Tyler Burey,2001-06-18,England
254327,N. Ogbeta,Nathanael Ogbeta,2001-04-28,England
258758,T. Corbeanu,Theodor Alexander Corbeanu,2002-05-17,Canada
260653,B. Norton-Cuffy,Brooke Norton-Cuffy,2004-01-12,England
261335,K. Kesler Hayden,Kaine Kessler Hayden,2002-10-23,England
262227,D. Jebbison,Daniel David Jebbison,2003-07-11,England
262981,L. Fiorini,Lewis Fiorini,2002-05-17,Scotland
266500,J. Rowe,Jonathan Rowe,2003-04-30,England
267611,M. Ebiowei,Malcolm Ebiowei,2003-09-04,England
182365,J. Jones,James Lewis Jones,1989-02-18,England
190179,D. Cornell,David Cornell,1991-03-28,Wales
205752,G. Edwards,Gwion Dafydd Rhys Edwards,1993-03-01,Wales
225134,A. Bass,Alexander Michael Bass,1998-04-01,England
230819,O. Shodipo,Olamide Shodipo,1997-07-05,Republic of Ireland
231199,H. Odoffin,Hakeem Ademola Odoffin,1998-04-13,England
231408,J. Leko,Jonathan Leko,1999-04-24,England
235347,T. Pearce,Tom Mark Pearce,1998-04-12,England
236568,B. Austin,Brandon Anthony Austin,1999-01-08,England
237169,C. Bramall,Cohen Conrad Bramall,1996-04-02,England
244196,D. Thompson,Dominic Thompson,2000-07-26,England
244867,J. Andrésson,Jökull Andrésson,2001-08-25,Iceland
245020,J. Hungbo,Joseph Hungbo,2000-01-15,England
245903,H. White,Harvey David White,2001-09-19,England
246417,A. Patterson,Anthony Patterson,2000-05-10,England
247731,M. Smith,Matthew Gerrard Smith,2000-10-05,England
247764,K. John,Kyle Alex John,2001-02-13,England
248492,J. Hill,James Clayton Hill,2002-01-10,England
248688,O. Cooper,Oliver Cooper,1999-12-14,Wales
248732,K. Hein,Karl Jakob Hein,2002-04-13,Estonia
252379,J. Burroughs,Jack Stephen Burroughs,2001-03-21,Scotland
252897,C. Ramsay,Calvin William Ramsay,2003-07-31,Scotland
252975,B. Traoré,Boubacar Traoré,2001-08-20,Mali
256164,T. Simpson,Tyreece Tyson Nesbett Simpson,2002-02-07,England
256442,J. Matete,Jay Matete,2001-02-11,England
256666,Y. Mosquera,Yerson Mosquera Valdelamar,2001-05-02,Colombia
256831,D. Cirkin,Dennis Cirkin,2002-04-06,England
258171,H. Mejbri,Hannibal Mejbri,2003-01-21,Tunisia
258442,D. Tetek,Dejan Tetek,2002-09-24,Serbia
259185,T. Aasgaard,Thelo Gerard Aasgaard,2002-05-02,Norway
259356,C. Chukwuemeka,Carney Chibueze Chukwuemeka,2003-10-20,England
259406,S. Muñoz,Santiago René Muñóz Robles,2002-08-14,Mexico
260144,C. Patino,Charlie Patino,2003-10-17,England
260145,O. Hutchinson,Omari Hutchinson,2003-10-29,Jamaica
260910,S. Shoretire,Shola Maxwell Shoretire,2004-02-02,England
261283,T. Conway,Tommy Conway,2002-08-06,England
262731,C. Taylor,Connor Taylor,2001-10-25,England
263390,C. Doyle,Callum Doyle,2003-10-03,England
263758,D. Wright-Phillips,D'Margio Wright-Phillips,2001-09-24,England
265459,T. Morton,Tyler Morton,2002-10-31,England
266270,A. Ramsey,Aaron Ramsey,2003-01-21,England
268438,Alejandro Garnacho,Alejandro Garnacho Ferreyra,2004-07-01,Argentina
268889,Álvaro Fernández,Álvaro Fernández Carreras,2003-03-23,Spain
271464,Y. Asprilla,Yáser Asprilla,2003-11-19,Colombia
52326,E. Jakupović,Eldin Jakupović,1984-10-02,Switzerland
181468,D. Bouzanis,Dean Anthony Bouzanis,1990-10-02,Australia
220894,G. Thomas,George Thomas,1997-03-24,Wales
232102,C. Masterson,Conor Masterson,1998-09-08,Republic of Ireland
233941,L. Cullen,Liam Cullen,1999-04-23,Wales
237316,B. Cooper,Brandon Cooper,2000-01-14,Wales
240775,T. Smith,Tyler Smith,1998-12-04,England
240867,A. Alese,Ajibola Alese,2001-01-17,England
245907,J. Bowden,Jamie Bowden,2001-07-09,Republic of Ireland
246416,L. Dajaku,Leon Dajaku,2001-04-12,Germany
251555,J. Eccles,Josh Eccles,2000-04-06,England
252555,M. Sorinola,Matthew Alexander Sorinola,2001-02-19,England
253433,F. Azeez,Femi Azeez,2001-06-05,England
255434,J. Enciso,Julio César Enciso Espínola,2004-01-23,Paraguay
256358,J. Garrett,Jake Garrett,2003-03-10,England
257438,I. Davies,Isaak Davies,2001-09-25,Wales
261621,L. Mbete,Luke Mbete,2003-09-18,England
262149,A. Ba,Abdoullah Ba,2003-07-31,France
265412,H. Vale,Harvey Vale,2003-09-11,England
266609,T. Iroegbunam,Tim Iroegbunam,2003-06-30,England
268131,C. Egan-Riley,CJ Egan-Riley,2003-01-02,England
271018,D. Costelloe,Dara Costelloe,2002-12-11,Republic of Ireland
118794,A. Lonergan,Andrew Lonergan,1983-10-19,England
228113,G. Kelly,Georgie Kelly,1996-11-12,Republic of Ireland
231197,M. Hilßner,Marcel Hilßner,1995-01-30,Germany
238190,J. Castillo,Juan Familia-Castillo,2000-01-13,Netherlands
245153,N. Wood,Nathan Wood-Gordon,2002-05-31,England
245501,I. Olaofe,Isaac Olaofe,1999-11-21,England
246296,K. Etete,Kion Reece Etete,2001-11-28,England
246349,D. Markanday,Dilan Kumar Markanday,2001-08-20,England
247833,A. Rowe,Aaron Rowe,2000-09-07,England
248880,N. Guinness-Walker,Nesta Guinness-Walker,1999-09-14,England
250786,B. Jackson,Ben Jackson,2001-02-22,England
250791,L. Watson,Louie Watson,2001-07-06,Republic of Ireland
252378,W. Bapaga,William Adipepe Pandi Bapaga,2002-11-03,England
253482,J. Cain,Jake Cain,2001-09-02,England
253729,A. Okoflex,Armstrong Echezolachukwu Inya Okoflex,2002-03-02,Republic of Ireland
256620,L. Gibbs,Liam Gibbs,2002-12-16,England
258805,H. Ashby,Harrison Ashby,2001-11-14,Scotland
259766,F. Stevens,Finley Stevens,2003-04-10,Wales
260141,C. Cîrjan,Cătălin Cîrjan,2002-12-01,Romania
260401,Mamadi Camará,Mamadi Caba Camará,2003-12-31,Guinea Bissau
260406,K. Gordon,Kaide Gordon,2004-10-05,England
261336,J. Philogene-Bidace,Jaden Philogene-Bidace,2002-02-08,England
263620,R. Lavia,Romeo Lavia,2004-01-06,Belgium
263953,S. Edozie,Samuel Edozie,2003-01-28,England
264349,J. McAtee,James McAtee,2002-10-18,England
264437,A. Mbengue,Amadou Mbengue,2002-01-05,Senegal
265197,A. Benarous,Ayman Benarous,2003-07-27,England
265514,J. James,Jordan James,2004-07-02,Wales
265788,Z. Iqbal,Zidane Iqbal,2003-04-27,Iraq
266147,J. Tomkinson,Jonathan Tomkinson,2002-04-11,United States
268909,T. Springett,Tony Springett,2002-09-22,Republic of Ireland
270608,Y. Yarmoliuk,Yehor Yarmoliuk,2004-03-01,Ukraine
271560,R. Cleary,Reyes Cleary,2004-04-13,England
243167,J. Vale,Jack Vale,2001-03-03,Wales
251272,Fábio Tavares,Fábio André Tavares Desidério,2001-01-22,Portugal
251524,A. Konaté,Ateef Konaté,2001-04-04,France
256506,F. Clarke,Flynn Clarke,2002-12-19,England
259097,S. Oulad M'Hand,Salah-Eddine Oulad M'Hand,2003-08-20,Netherlands
259403,J. Ideho,Joel Ideho,2003-07-17,Netherlands
260728,A. Pressley,Aaron Pressley,2001-11-07,Scotland
261892,D. Franchi,Denis Franchi,2002-10-22,Italy
264115,D. Williams,Dylan Williams,2003-09-13,England
265789,C. Savage,Charlie Savage,2003-05-02,Wales
267868,S. Braybrooke,Sammy Braybrooke,2004-03-12,England
270937,L. Harris,Luke Harris,2005-04-04,Wales
271574,R. Lewis,Rico Lewis,2004-11-21,England
271668,X. Simons,Xavier Simons,2003-02-20,England
222503,H. Isted,Harvey Isted,1997-03-05,England
233441,T. Bola,Tolaji Bola,1999-01-04,England
242854,S. Walker,Stephen Walker,2000-10-11,England
245531,R. Stirk,Ryan Stirk,2000-09-25,Wales
246002,L. Matheson,Luke Alexander Matheson,2002-10-03,England
253461,L. Cundle,Luke James Cundle,2002-04-26,England
254113,C. Campbell,Chem Campbell,2002-12-30,Wales
256488,M. Cox,Matthew Cox,2003-05-02,England
256813,N. Gordon,Nico Gordon,2002-04-28,England
257239,J. Brooking,Josh Brooking,2002-09-01,England
257254,M. Thompson,Max Thompson,2002-02-09,England
257790,J. Reid,Josh Reid,2002-05-03,Scotland
258529,V. Daley-Campbell,Vontae Daley-Campbell,2001-04-04,England
259324,T. Suengchitthawon,Thanawat Suengchitthawon,2000-01-08,Thailand
261224,Hugo Bueno,Hugo Bueno López,2002-09-18,Spain
261517,M. Bondswell,Matthew Bondswell,2002-04-18,England
262848,S. Carey,Sonny Carey,2001-01-20,England
263955,B. Knight,Ben Knight,2002-06-14,England
264121,A. Tsoungui,Antef Tsoungui,2002-12-30,Belgium
264180,A. Devine,Alfie Devine,2004-08-01,England
264505,O. Dodgson,Owen Dodgson,2003-03-19,England
264561,J. Norris,James Norris,2003-04-04,England
265801,K. McAteer,Kasey McAteer,2001-11-22,England
266127,L. Hall,Lewis Hall,2004-09-08,England
267867,Wanya Marçal,Wanya Marçal Madivádua,2002-10-19,Portugal
269175,O. Tanner,Ollie Tanner,2002-05-13,England
270617,A. Murphy,Alex Murphy,2004-06-25,Republic of Ireland
270636,E. Camara,Etienne Camara,2003-03-30,France
271462,J. Williams,Josh Williams,2002-11-24,England
271693,T. Maswanhise,Tawanda Maswanhise,2002-11-20,Zimbabwe
218593,S. Moore,Stuart Moore,1994-09-08,England
241396,J. Morton,James Samuel Morton,1999-04-22,England
242976,T. Billson,Thomas David Bannatyne-Billson,2000-10-18,England
248473,P. Ekwah Elimby,Pierre-Emmanuel Ekwah Elimby,2002-01-15,France
248534,S. Barnes,Samuel Peter Barnes,2001-03-10,England
253054,H. Hackney,Hayden Hackney,2002-06-26,England
256216,E. Longelo,Emmanuel Longelo Mbule,2000-12-27,England
258374,B. Diarra,Brahima Diarra,2003-07-05,France
259240,A. Wharton,Adam Wharton,2004-02-06,England
259608,E. Ferguson,Evan Ferguson,2004-10-19,Republic of Ireland
259926,S. Bell,Samuel John Bell,2002-05-23,England
260155,P. Jones,Pat Jones,2003-06-09,Wales
260192,A. Hackford,Antwoine Hackford,2004-03-20,England
260402,A. Gilbert,Alex Gilbert,2001-12-28,Republic of Ireland
263901,E. Turns,Ed Turns,2002-10-18,Wales
264141,O. Offiah,Odel Offiah,2002-10-26,England
264731,A. Phillips,Ashley Phillips,2005-06-26,England
264746,H. Leonard,Harry Leonard,2003-09-12,England
267849,T. O'Reilly,Tommi O'Reilly,2003-12-15,Republic of Ireland
268910,J. Turner-Cooke,Jay Turner-Cooke,2003-12-31,England
270637,B. Spencer,Brodie Spencer,2004-05-06,Northern Ireland
270682,K. Šekularac,Kristian Šekularac,2003-12-07,Switzerland
271530,D. Ballard,Dom Ballard,2005-04-01,England
271669,Juan Larios,Juan Larios López,2004-01-12,Spain
271743,A. Cozier-Duberry,Amario Cozier-Duberry,2005-05-29,England
242366,T. Sang,Thomas Sang,1999-06-29,England
243048,W. Dennis,Will Dennis,2000-07-10,England
243848,B. Lyons-Foster,Brooklyn Lyons-Foster,2000-12-01,England
250865,Z. Jeacock,Zachary Jeacock,2001-05-08,England
251521,N. Huggins,Niall Huggins,2000-12-18,Wales
258792,G. Wickens,George Wickens,2001-11-08,England
259225,J. Harlock,Jared Harlock,2002-09-20,England
259677,A. Robertson,Alex Robertson,2003-04-17,England
261300,K. Phillips,Killian Phillips,2002-03-30,Republic of Ireland
261390,C. Webster,Charlie Webster,2004-01-31,England
262568,T. Crama,Tristan Crama,2001-11-08,France
262569,R. Trevitt,Ryan Trevitt,2003-03-12,England
262885,H. Muller,Hayden Muller,2002-02-07,England
264209,L. Bogarde,Lamare Bogarde,2004-01-05,Netherlands
264681,J. Wilson-Esbrand,Joshua Wilson-Esbrand,2002-12-26,England
265645,K. Abrefa,Kelvin Abrefa,2003-12-09,Ghana
266074,S. Perkins,Sonny Perkins,2004-02-10,England
266368,T. Ablade,Terry Ablade,2001-10-12,Finland
266828,C. Kavanagh,Calum Kavanagh,2003-09-05,Republic of Ireland
267476,T. Adaramola,Tayo Adaramola,2003-11-14,Republic of Ireland
268583,F. Marschall,Filip Marschall,2003-04-24,England
270358,M. Ndiweni,Michael Ndiweni,2003-12-12,England
248569,J. Furlong,James Furlong,2002-06-07,Republic of Ireland
248741,D. Barden,Daniel Barden,2001-01-02,Wales
251522,J. Hilton,Joe Hilton,1999-10-11,England
257138,B. Nna Noukeu,Blondy Nna Noukeu,2001-05-31,Cameroon
260606,S. Flaherty,Stanley Flaherty,2001-12-05,England
261640,J. Baptiste,Jamal Baptiste,2003-11-11,England
262044,R. Howley,Ryan Howley,2003-11-23,Wales
263101,K. Ehibhatiomhan,Kelvin Ehibhatiomhan,2003-04-23,Nigeria
263684,E. Ingram,Ethan Ingram,2003-04-16,England
264113,J. Wells-Morrison,Jack Wells-Morrison,2004-02-18,England
264202,M. Rus,Marco Rus,2003-01-23,Romania
264695,O. Denham,Oliver Denham,2002-05-04,Wales
266506,N. Boateng,Nana Boateng,2002-09-17,England
268529,S. Forde,Shaqai Forde,2004-05-05,England
268550,J. Feeney,Joshua Feeney,2005-05-06,England
270209,D. Gyabi,Darko Gyabi,2004-02-18,England
271235,O. Bevan,Owen Bevan,2003-10-26,Wales
251000,M. Roberts,Mitchell Roberts,2000-09-16,England
251001,C. Boyd-Munce,Caolán Boyd-Munce,2000-01-26,Northern Ireland
252482,M. Olagunju,Mustapha Olagunju,2002-01-01,England
252750,V. Covil,Vaughn Patrick Covil,2003-07-26,United States
253106,T. Rushesha,Tivonge Rushesha,2002-07-24,Wales
256353,Z. Emmerson,Zak Emmerson,2004-08-10,England
257793,R. Richards,Rico Richards,2003-09-27,England
263906,Z. Ashworth,Zac Ashworth,2002-09-06,England
264124,C. Peupion,Cameron Peupion,2002-09-23,Australia
264379,K. Lloyd,Kieran Lloyd,2002-10-13,England
264411,S. Swinkels,Sil Swinkels,2004-01-06,Netherlands
264579,F. Potts,Freddie Potts,2003-09-12,England
266400,T. Hume,Trai Hume,2002-03-18,Northern Ireland
268894,T. Sparrow,Tom Sparrow,2003-02-03,Wales
270346,M. O'Neill,Mikey O'Neill,2004-06-08,England
271192,V. Akinwale,Victor Akinwale,2004-08-06,England
271227,D. Mubama,Divin Mubama,2004-10-25,England
271808,L. Sousa,Lino Sousa,2005-01-19,England
243588,T. McGill,Thomas McGill,2000-03-25,England
246392,L. Brunt,Lewis Brunt,2000-11-06,England
250804,J. Walsh,Joe Walsh,2002-04-01,England
251562,B. Topalloj,Besart Topalloj,2001-05-16,Kosovo
258375,L. Ayina,Loick Ayina,2003-04-20,France
259370,L. Webb,Lewis Webb,2001-09-12,Wales
260156,N. Bilokapic,Nicholas Bilokapic,2002-09-08,Australia
260929,R. Finnigan,Ryan Finnigan,2003-09-23,England
261032,J. Hodge,Joseph Shaun Hodge,2002-09-14,Republic of Ireland
262405,G. Burroughs,George Burroughs,2002-09-21,Scotland
263098,K. Leavy,Kian Leavy,2002-03-21,Republic of Ireland
264805,H. Birtwistle,Harry Birtwistle,2003-12-01,Singapore
265484,D. Lembikisa,Dexter Lembikisa,2003-11-04,Jamaica
265496,T. Roberts,Tyler Roberts,2003-12-22,Jamaica
266155,G. Hall,George Hall,2004-07-15,England
266303,A. Abdulai,Azeem Abdulai,2002-12-09,England
268306,C. Congreve,Cameron Congreve,2004-01-24,Wales
268632,R. Welch,Reece Welch,2003-09-19,England
269876,R. Scott,Rashawn Scott,2002-10-31,England
270521,D. Kadji,Dylan Kadji,2003-09-01,England
270758,D. Amaral,Dana Amaral,2003-10-03,England
248121,J. Smith,Jackson Smith,2001-10-14,England
251546,K. Gordon,Kyron Gordon,2002-05-24,England
254293,C. Tyler,Cian Tyler,2002-03-22,Wales
255071,J. Gubbins,Joseph Gubbins,2001-08-03,England
257922,J. Hull,Jake Matthew Hull,2001-10-22,England
260341,B. Holmes,Bradley Holmes,2002-12-16,England
261372,L. Badley-Morgan,Luke Badley-Morgan,2003-10-22,Jamaica
262882,J. Holland-Wilkinson,Jacob Holland-Wilkinson,2002-10-30,England
263714,E. McJannet,Ed McJannet,2004-01-25,Republic of Ireland
263776,L. Leigh,Lewis Leigh,2003-12-05,England
263950,O. Hammond,Oliver Hammond,2002-11-13,England
264333,C. Pye,Connor Pye,2003-11-06,England
268528,V. Angelini,Vincent Angelini,2003-09-12,Scotland
268544,M. Mahoney,Murphy Mahoney,2001-12-27,England
268788,L. Payne,Lewis Payne,2004-05-30,England
270402,J. Owers,Josh Owers,2002-03-16,England
271411,O. Zych,Oliwier Zych,2004-06-28,Poland
271445,A. Chang,Alfie Chang,2002-09-04,England
241402,S. Shotton,Saul Shotton,2000-11-10,England
257469,J. Carney,Jacob Carney,2001-04-21,England
259186,S. Smith,Scott Smith,2001-02-07,Wales
261911,L. Mariette,Luke Mariette,2003-10-08,Wales
263211,B. Adeeko,Babajide Adeeko,2003-04-03,Republic of Ireland
263331,J. Chapman,Josh Chapman,2002-09-28,England
264305,J. Carragher,James Carragher,2002-11-11,England
265441,A. Drewe,Aaron Drewe,2001-02-08,England
268888,J. Cotterill,Joel Cotterill,2004-10-10,Wales
269613,R. Luthra,Rohan Luthra,2002-05-06,England
270065,B. Lloyd,Ben Lloyd,2005-03-14,Wales
270757,J. Pradic,James Pradic,2005-07-02,Wales
271063,O. Arblaster,Oliver Arblaster,2004-01-08,England
271191,J. Whitworth,Joe Whitworth,2004-02-29,England
271584,J. Slater,Jacob Slater,2004-10-05,Republic of Ireland
271603,J. Hinchy,Jack Hinchy,2003-01-30,England
256811,A. George,Adan George,2002-07-30,England
259283,D. Dodds,Daniel Dodds,2001-01-17,England
262049,H. McHugh,Harry McHugh,2002-09-14,England
262542,J. Sivi,Jeremy Sivi,2002-07-18,England
263201,J. Moore,Jack Moore,2003-11-19,England
263214,S. Tickle,Sam Tickle,2002-03-31,England
263907,T. Cann,Ted Cann,2000-12-27,England
265418,H. Sohna,Harrison Sohna,2002-07-01,England
265527,O. Tipton,Oliver Tipton,2003-09-22,England
271064,J. Amissah,Jordan Amissah,2001-08-02,Germany
271747,M. Delyfer,Max Delyfer,2004-07-08,England
256807,T. Campbell,Tate Campbell,2002-06-27,England
257187,A. Jones,Avan Jones,2001-11-02,England
259285,J. Hannah,Jack Hannah,2002-12-25,England
263340,H. Wiles-Richards,Harvey Wiles-Richards,2002-05-27,England
268630,I. Price,Isaac Price,2003-09-26,Northern Ireland
